{"cameraMode":{"drawMode":0,"name":"Shaded","section":"Shading Mode"},"sceneLighting":false,"audioPlay":false,"sceneViewState":{"m_AlwaysRefresh":true,"showFog":true,"showSkybox":false,"showFlares":true,"showImageEffects":true,"showParticleSystems":true,"showVisualEffectGraphs":true,"m_FxEnabled":true},"in2DMode":false,"pivot":{"x":-0.3427954912185669,"y":-0.4907970428466797,"z":0.6555661559104919},"rotation":{"x":0.040019165724515918,"y":0.895887553691864,"z":-0.4347655177116394,"w":0.08247748762369156},"size":1.4958854913711548,"orthographic":false}