{"cameraMode":{"drawMode":0,"name":"Shaded","section":"Shading Mode"},"sceneLighting":true,"audioPlay":false,"sceneViewState":{"m_AlwaysRefresh":true,"showFog":true,"showSkybox":true,"showFlares":true,"showImageEffects":true,"showParticleSystems":true,"showVisualEffectGraphs":true,"m_FxEnabled":false},"in2DMode":false,"pivot":{"x":0.42443811893463137,"y":-1.8238048553466797,"z":0.2725107669830322},"rotation":{"x":-0.6641623973846436,"y":0.0002494442160241306,"z":-0.00014747295062988997,"w":-0.7476757168769836},"size":11.030845642089844,"orthographic":true}