{"cameraMode":{"drawMode":0,"name":"Shaded","section":"Shading Mode"},"sceneLighting":false,"audioPlay":false,"sceneViewState":{"m_AlwaysRefresh":true,"showFog":true,"showSkybox":false,"showFlares":true,"showImageEffects":true,"showParticleSystems":true,"showVisualEffectGraphs":true,"m_FxEnabled":true},"in2DMode":false,"pivot":{"x":710.8355102539063,"y":26.57159423828125,"z":813.1793212890625},"rotation":{"x":0.017135173082351686,"y":0.9762105345726013,"z":-0.19921988248825074,"w":0.08396615087985993},"size":8.660256385803223,"orthographic":false}