{"cameraMode":{"drawMode":0,"name":"Shaded","section":"Shading Mode"},"sceneLighting":false,"audioPlay":false,"sceneViewState":{"m_AlwaysRefresh":true,"showFog":true,"showSkybox":false,"showFlares":true,"showImageEffects":true,"showParticleSystems":true,"showVisualEffectGraphs":true,"m_FxEnabled":true},"in2DMode":false,"pivot":{"x":-0.5743963122367859,"y":0.9155185222625732,"z":0.42581796646118166},"rotation":{"x":-0.009998107329010964,"y":0.926743745803833,"z":-0.3747924566268921,"w":-0.02475300058722496},"size":2.2797696590423586,"orthographic":false}