{"cameraMode":{"drawMode":0,"name":"Shaded","section":"Shading Mode"},"sceneLighting":false,"audioPlay":false,"sceneViewState":{"m_AlwaysRefresh":true,"showFog":true,"showSkybox":false,"showFlares":true,"showImageEffects":true,"showParticleSystems":true,"showVisualEffectGraphs":true,"m_FxEnabled":true},"in2DMode":false,"pivot":{"x":-0.154775470495224,"y":-0.01200413703918457,"z":-0.2437647581100464},"rotation":{"x":0.07642858475446701,"y":0.8963354825973511,"z":-0.40222859382629397,"w":0.17034247517585755},"size":0.7080084681510925,"orthographic":false}