{"cameraMode":{"drawMode":0,"name":"Shaded","section":"Shading Mode"},"sceneLighting":false,"audioPlay":false,"sceneViewState":{"m_AlwaysRefresh":true,"showFog":true,"showSkybox":false,"showFlares":true,"showImageEffects":true,"showParticleSystems":true,"showVisualEffectGraphs":true,"m_FxEnabled":true},"in2DMode":false,"pivot":{"x":0.6907700300216675,"y":1.6551265716552735,"z":0.4754902720451355},"rotation":{"x":0.05093465372920036,"y":0.8989480137825012,"z":-0.10867860913276673,"w":0.42134329676628115},"size":2.2763352394104006,"orthographic":false}