{"cameraMode":{"drawMode":0,"name":"Shaded","section":"Shading Mode"},"sceneLighting":false,"audioPlay":false,"sceneViewState":{"m_AlwaysRefresh":true,"showFog":true,"showSkybox":false,"showFlares":true,"showImageEffects":true,"showParticleSystems":true,"showVisualEffectGraphs":true,"m_FxEnabled":true},"in2DMode":false,"pivot":{"x":-0.2743821144104004,"y":-0.2529102563858032,"z":0.21371477842330934},"rotation":{"x":-0.017340805381536485,"y":0.9505757093429565,"z":-0.3053443431854248,"w":-0.05395171046257019},"size":0.8609013557434082,"orthographic":false}